path,id
Abstract -> Aerial,211
Abstract -> Backgrounds,112
Abstract -> Blurs,39
Abstract -> Colors,164
Abstract -> Competition,40
Abstract -> Craftsmanship,41
Abstract -> Danger,42
Abstract -> Exploration,43
Abstract -> Fun,158
Abstract -> Help,44
Abstract -> Love,149
Abstract -> Luxury,45
Abstract -> Mobile,187
Abstract -> Peace,46
Abstract -> Planetarium,165
Abstract -> Power,47
Abstract -> Purity,48
Abstract -> Religion,128
Abstract -> Seasonal & Holiday,155
Abstract -> Security,49
Abstract -> Sports,50
Abstract -> Stress,51
Abstract -> Success,52
Abstract -> Teamwork,53
Abstract -> Textures,141
Abstract -> Unique,54
Animals -> Birds,31
Animals -> Farm,33
Animals -> Insects,36
Animals -> Mammals,32
Animals -> Marine life,34
Animals -> Pets,30
Animals -> Reptiles & Amphibians,35
Animals -> Rodents,37
Animals -> Wildlife,168
Arts & Architecture -> Details,124
Arts & Architecture -> Generic architecture,71
Arts & Architecture -> Historic buildings,132
Arts & Architecture -> Home,153
Arts & Architecture -> Indoor,73
Arts & Architecture -> Landmarks,70
Arts & Architecture -> Modern buildings,131
Arts & Architecture -> Night scenes,130
Arts & Architecture -> Outdoor,72
Arts & Architecture -> Ruins & Ancient,174
Arts & Architecture -> Work places,154
Business -> Communications,79
Business -> Computers,78
Business -> Finance,80
Business -> Industries,77
Business -> Metaphors,83
Business -> Objects,84
Business -> People,75
Business -> Still-life,81
Business -> Teams,76
Business -> Transportation,82
Business -> Travel,85
Editorial -> Celebrities,178
Editorial -> Commercial,185
Editorial -> Events,179
Editorial -> Landmarks,184
Editorial -> People,180
Editorial -> Politics,181
Editorial -> Sports,182
Editorial -> Weather & Environment,183
Holidays -> Chinese New Year,204
Holidays -> Christmas,190
Holidays -> Cinco de Mayo,207
Holidays -> Diwali,203
Holidays -> Easter,193
Holidays -> Fathers Day,196
Holidays -> Halloween,192
Holidays -> Hanukkah,208
Holidays -> Mardi Gras,206
Holidays -> Mothers Day,195
Holidays -> New Years,189
Holidays -> Other,202
Holidays -> Ramadan,205
Holidays -> Thanksgiving,191
Holidays -> Valentines Day,194
IT & C -> Artificial Intelligence,210
IT & C -> Connectivity,110
IT & C -> Equipment,113
IT & C -> Internet,111
IT & C -> Networking,109
Illustrations & Clipart -> 3D & Computer generated,166
Illustrations & Clipart -> Hand drawn & Artistic,167
Illustrations & Clipart -> Illustrations,163
Illustrations & Clipart -> Vector,186
Industries -> Agriculture,101
Industries -> Architecture,89
Industries -> Banking,87
Industries -> Cargo & Shipping,93
Industries -> Communications,94
Industries -> Computers,91
Industries -> Construction,90
Industries -> Education,150
Industries -> Entertainment,136
Industries -> Environment,99
Industries -> Food & Beverages,127
Industries -> Healthcare & Medical,92
Industries -> Insurance,96
Industries -> Legal,95
Industries -> Manufacturing,100
Industries -> Military,102
Industries -> Oil and gas,161
Industries -> Power and energy,97
Industries -> Sports,157
Industries -> Transportation,98
Industries -> Travel,88
Nature -> Clouds and skies,22
Nature -> Deserts,17
Nature -> Details,14
Nature -> Fields & Meadows,27
Nature -> Flowers & Gardens,25
Nature -> Food ingredients,28
Nature -> Forests,18
Nature -> Fruits & Vegetables,137
Nature -> Generic vegetation,11
Nature -> Geologic and mineral,143
Nature -> Lakes and rivers,16
Nature -> Landscapes,146
Nature -> Mountains,15
Nature -> Plants and trees,12
Nature -> Sea & Ocean,19
Nature -> Seasons specific,26
Nature -> Sunsets & Sunrises,23
Nature -> Tropical,20
Nature -> Water,171
Nature -> Waterfalls,24
Objects -> Clothing & Accessories,142
Objects -> Electronics,147
Objects -> Home related,138
Objects -> Isolated,135
Objects -> Music and sound,151
Objects -> Other,145
Objects -> Retro,152
Objects -> Sports,156
Objects -> Still life,144
Objects -> Tools,140
Objects -> Toys,134
People -> Active,123
People -> Body parts,139
People -> Children,119
People -> Cosmetic & Makeup,175
People -> Couples,115
People -> Diversity,122
People -> Expressions,159
People -> Families,118
People -> Men,117
People -> Nudes,173
People -> Portraits,162
People -> Seniors,121
People -> Teens,120
People -> Women,116
People -> Workers,160
Technology -> Computers,105
Technology -> Connections,106
Technology -> Electronics,129
Technology -> Other,148
Technology -> Retro,107
Technology -> Science,209
Technology -> Telecommunications,104
Travel -> Africa,56
Travel -> America,58
Travel -> Antarctica,176
Travel -> Arts & Architecture,65
Travel -> Asia,57
Travel -> Australasian,60
Travel -> Cruise,62
Travel -> Cuisine,63
Travel -> Currencies,67
Travel -> Destination scenics,61
Travel -> Europe,59
Travel -> Flags,68
Travel -> Resorts,64
Travel -> Tropical,66
Web Design Graphics -> Banners,201
Web Design Graphics -> Buttons,200
Web Design Graphics -> Web Backgrounds & Textures,199
Web Design Graphics -> Web Icons,198
