KEY,VALUE
Abstract,Abstract
Animals,Animals
Architecture,Architecture
Backgrounds,Backgrounds
Business,Business
Communication,Communication
Computers,Computers
Conceptual,Conceptual
Editorial,Editorial
Education,Education
Food,Food
Health,Health
Holidays,Holidays
Illustration,Illustration
Industry,Industry
Internet,Internet
Landscapes,Landscapes
Maps,Maps
Miscellaneous,Miscellaneous
Musical,Musical
Nature,Nature
Objects,Objects
People,People
Places,Places
Sexy,Sexy
Sports,Sports
Transportation,Transportation